{
	"info": {
		"_postman_id": "10c64d4b-8d48-4b68-a7f6-2e80894cb855",
		"name": "HealthcareApp",
		"schema": "https://schema.getpostman.com/json/collection/v2.1.0/collection.json",
		"_exporter_id": "23553791"
	},
	"item": [
		{
			"name": "Login/Register",
			"item": [
				{
					"name": "Signup",
					"request": {
						"method": "POST",
						"header": [],
						"body": {
							"mode": "raw",
							"raw": "{\r\n  \"firstName\": \"Sonali\",\r\n  \"lastName\": \"Verma\",\r\n  \"dob\": \"1997-02-23\",\r\n  \"mobile\": \"6388399498\",\r\n  \"emailId\": \"sonali@example.com\",\r\n  \"password\": \"Admin@123\",\r\n  \"role\": \"admin\"\r\n}",
							"options": {
								"raw": {
									"language": "json"
								}
							}
						},
						"url": {
							"raw": "{{baseURL}}/api/users/register",
							"host": [
								"{{baseURL}}"
							],
							"path": [
								"api",
								"users",
								"register"
							]
						}
					},
					"response": []
				},
				{
					"name": "Login",
					"event": [
						{
							"listen": "test",
							"script": {
								"exec": [
									"pm.environment.set(\"bearerToken\", pm.response.json().tokens); ",
									"//if the token is in the access_token"
								],
								"type": "text/javascript",
								"packages": {}
							}
						}
					],
					"request": {
						"method": "POST",
						"header": [],
						"body": {
							"mode": "raw",
							"raw": "{\r\n  \"emailId\": \"sonali@example.com\",\r\n  \"password\": \"Admin@123\"\r\n}",
							"options": {
								"raw": {
									"language": "json"
								}
							}
						},
						"url": {
							"raw": "{{baseURL}}/api/users/login",
							"host": [
								"{{baseURL}}"
							],
							"path": [
								"api",
								"users",
								"login"
							]
						}
					},
					"response": []
				},
				{
					"name": "User Profile",
					"request": {
						"auth": {
							"type": "bearer",
							"bearer": [
								{
									"key": "token",
									"value": "{{token}}",
									"type": "string"
								}
							]
						},
						"method": "GET",
						"header": [],
						"url": {
							"raw": "{{baseURL}}/api/users/profile",
							"host": [
								"{{baseURL}}"
							],
							"path": [
								"api",
								"users",
								"profile"
							]
						}
					},
					"response": []
				}
			]
		},
		{
			"name": "Addressess",
			"item": [
				{
					"name": "Get Address",
					"request": {
						"auth": {
							"type": "bearer",
							"bearer": [
								{
									"key": "token",
									"value": "{{token}}",
									"type": "string"
								}
							]
						},
						"method": "GET",
						"header": [],
						"url": {
							"raw": "{{baseURL}}/api/addresses",
							"host": [
								"{{baseURL}}"
							],
							"path": [
								"api",
								"addresses"
							]
						}
					},
					"response": []
				},
				{
					"name": "Delete Address",
					"request": {
						"auth": {
							"type": "bearer",
							"bearer": [
								{
									"key": "token",
									"value": "{{token}}",
									"type": "string"
								}
							]
						},
						"method": "DELETE",
						"header": [],
						"url": {
							"raw": "{{baseURL}}/api/addresses/6807e0d93c2ab41701b55bfd",
							"host": [
								"{{baseURL}}"
							],
							"path": [
								"api",
								"addresses",
								"6807e0d93c2ab41701b55bfd"
							]
						}
					},
					"response": []
				},
				{
					"name": "Add Address(_id required in adding Doctor)",
					"request": {
						"auth": {
							"type": "bearer",
							"bearer": [
								{
									"key": "token",
									"value": "{{token}}",
									"type": "string"
								}
							]
						},
						"method": "POST",
						"header": [],
						"body": {
							"mode": "raw",
							"raw": "{\r\n  \"address\": \"Apollo City\",\r\n  \"city\": \"Whitefield Bengaluru\",\r\n  \"state\": \"Karnataka\",\r\n  \"pincode\": \"500565\"\r\n}",
							"options": {
								"raw": {
									"language": "json"
								}
							}
						},
						"url": {
							"raw": "{{baseURL}}/api/addresses",
							"host": [
								"{{baseURL}}"
							],
							"path": [
								"api",
								"addresses"
							]
						}
					},
					"response": []
				}
			]
		},
		{
			"name": "Appointments",
			"item": [
				{
					"name": "Add Appointments",
					"request": {
						"auth": {
							"type": "bearer",
							"bearer": [
								{
									"key": "token",
									"value": "{{token}}",
									"type": "string"
								}
							]
						},
						"method": "POST",
						"header": [],
						"body": {
							"mode": "raw",
							"raw": "{\r\n  \"doctorId\": \"6807e1713c2ab41701b55c06\",\r\n  \"appointmentDate\": \"2025-05-24T12:00:00.000Z\",\r\n  \"notes\": \"History: Stomuch pain,gal blader issue\"\r\n}",
							"options": {
								"raw": {
									"language": "json"
								}
							}
						},
						"url": {
							"raw": "{{baseURL}}/api/appointments",
							"host": [
								"{{baseURL}}"
							],
							"path": [
								"api",
								"appointments"
							]
						}
					},
					"response": []
				},
				{
					"name": "Get Appointments(Specific_User)",
					"protocolProfileBehavior": {
						"disableBodyPruning": true
					},
					"request": {
						"auth": {
							"type": "bearer",
							"bearer": [
								{
									"key": "token",
									"value": "{{token}}",
									"type": "string"
								}
							]
						},
						"method": "GET",
						"header": [],
						"body": {
							"mode": "raw",
							"raw": "",
							"options": {
								"raw": {
									"language": "json"
								}
							}
						},
						"url": {
							"raw": "{{baseURL}}/api/appointments/",
							"host": [
								"{{baseURL}}"
							],
							"path": [
								"api",
								"appointments",
								""
							]
						}
					},
					"response": []
				},
				{
					"name": "Cancel Appointments",
					"request": {
						"auth": {
							"type": "bearer",
							"bearer": [
								{
									"key": "token",
									"value": "{{token}}",
									"type": "string"
								}
							]
						},
						"method": "PUT",
						"header": [],
						"url": {
							"raw": "{{baseURL}}/api/appointments/6807e2263c2ab41701b55c0d/cancel",
							"host": [
								"{{baseURL}}"
							],
							"path": [
								"api",
								"appointments",
								"6807e2263c2ab41701b55c0d",
								"cancel"
							]
						}
					},
					"response": []
				}
			]
		},
		{
			"name": "Ratings",
			"item": [
				{
					"name": "Add Ratings",
					"request": {
						"auth": {
							"type": "bearer",
							"bearer": [
								{
									"key": "token",
									"value": "{{token}}",
									"type": "string"
								}
							]
						},
						"method": "POST",
						"header": [],
						"body": {
							"mode": "raw",
							"raw": "{\r\n  \"doctorId\": \"6807e1713c2ab41701b55c06\",\r\n  \"appointmentId\": \"6807e2553c2ab41701b55c13\",\r\n  \"rating\": 4.89,\r\n  \"comments\": \"Good experience\"\r\n}",
							"options": {
								"raw": {
									"language": "json"
								}
							}
						},
						"url": {
							"raw": "{{baseURL}}/api/ratings",
							"host": [
								"{{baseURL}}"
							],
							"path": [
								"api",
								"ratings"
							]
						}
					},
					"response": []
				},
				{
					"name": "Get Ratings(Specific User) Copy",
					"protocolProfileBehavior": {
						"disableBodyPruning": true
					},
					"request": {
						"auth": {
							"type": "bearer",
							"bearer": [
								{
									"key": "token",
									"value": "{{token}}",
									"type": "string"
								}
							]
						},
						"method": "GET",
						"header": [],
						"body": {
							"mode": "raw",
							"raw": "",
							"options": {
								"raw": {
									"language": "json"
								}
							}
						},
						"url": {
							"raw": "{{baseURL}}/api/ratings/user",
							"host": [
								"{{baseURL}}"
							],
							"path": [
								"api",
								"ratings",
								"user"
							]
						}
					},
					"response": []
				},
				{
					"name": "Get Specific Doctor's Ratings",
					"protocolProfileBehavior": {
						"disableBodyPruning": true
					},
					"request": {
						"auth": {
							"type": "bearer",
							"bearer": [
								{
									"key": "token",
									"value": "{{token}}",
									"type": "string"
								}
							]
						},
						"method": "GET",
						"header": [],
						"body": {
							"mode": "raw",
							"raw": "",
							"options": {
								"raw": {
									"language": "json"
								}
							}
						},
						"url": {
							"raw": "http://localhost:3000/api/ratings/doctor/68034b43f174bd8852f35b8b",
							"protocol": "http",
							"host": [
								"localhost"
							],
							"port": "3000",
							"path": [
								"api",
								"ratings",
								"doctor",
								"68034b43f174bd8852f35b8b"
							]
						}
					},
					"response": []
				}
			]
		},
		{
			"name": "Doctors",
			"item": [
				{
					"name": "Add Doctors(Admin-Account-Token)",
					"request": {
						"auth": {
							"type": "bearer",
							"bearer": [
								{
									"key": "token",
									"value": "{{token}}",
									"type": "string"
								}
							]
						},
						"method": "POST",
						"header": [],
						"body": {
							"mode": "raw",
							"raw": "{\r\n    \"name\": \"Dr. Shivam Awasthi\",\r\n    \"specialization\": \"Ortho\",\r\n    \"experience\": 22,\r\n    \"dob\": \"1955-05-20T00:00:00.000Z\",\r\n    \"email\": \"shivam.awasthi@gmail.com\",\r\n    \"mobile\": \"9899876544\",\r\n    \"availability\": true,\r\n    \"rating\": 4.8,\r\n    \"addressId\": \"6807e0a63c2ab41701b55bfa\"\r\n}",
							"options": {
								"raw": {
									"language": "json"
								}
							}
						},
						"url": {
							"raw": "{{baseURL}}/api/doctors",
							"host": [
								"{{baseURL}}"
							],
							"path": [
								"api",
								"doctors"
							]
						}
					},
					"response": []
				},
				{
					"name": "Get Doctors",
					"protocolProfileBehavior": {
						"disableBodyPruning": true
					},
					"request": {
						"auth": {
							"type": "bearer",
							"bearer": [
								{
									"key": "token",
									"value": "{{token}}",
									"type": "string"
								}
							]
						},
						"method": "GET",
						"header": [],
						"body": {
							"mode": "raw",
							"raw": "{\r\n    \"name\": \"Dr. Rajesh Sharma\",\r\n    \"specialization\": \"Cardiologist\",\r\n    \"experience\": 15,\r\n    \"dob\": \"1978-05-20T00:00:00.000Z\",\r\n    \"email\": \"rajesh.sharma@example.com\",\r\n    \"mobile\": \"9876543210\",\r\n    \"availability\": true,\r\n    \"rating\": 4.8,\r\n    \"addressId\": \"68034510f174bd8852f35b4a\"\r\n}",
							"options": {
								"raw": {
									"language": "json"
								}
							}
						},
						"url": {
							"raw": "{{baseURL}}/api/doctors",
							"host": [
								"{{baseURL}}"
							],
							"path": [
								"api",
								"doctors"
							]
						}
					},
					"response": []
				}
			]
		}
	]
}